id	hypothesis	prediction	test	result	status	notes
H01	La fragmentation des appels tokenizer domine le coût par ligne	Les exemples simples effectuent beaucoup plus d'appels que de payloads utiles	Tracer statiquement chaque append_plain et block	Aya/OpenCode: 8 appels dont 6 newlines; OpenR1: 11 dont 8 newlines	suspect	Plan validé + batch encode de fragments séparés; ne pas concaténer les fragments
H02	La matérialisation input_ids/mask/labels ajoute un coût évitable	prepare_pilot construit trois listes O(T) puis ne garde que deux compteurs	Tracer les valeurs consommées après compile_smi	Trois listes token-size créées; seules longueur et somme des labels sont utilisées	suspect	Mode compile_smi_stats partagé avec le compilateur public
H03	Le décodage de toutes les colonnes Parquet gaspille I/O et CPU	Les datasets larges contiennent de lourdes colonnes jamais lues par les adapters	Comparer statiquement schémas consommés et appel iter_batches	iter_batches n'a aucune projection columns; Aya/OpenR1/OpenCode utilisent des sous-ensembles étroits	suspect	Projection par adapter potentiellement 2-10x sur I/O/décodage
H04	Les JSON canoniques sont recalculés plusieurs fois	Les lignes tool-heavy retraversent et retrient les mêmes arbres	Tracer _canonical_json entre adapter, digest et compiler	Outils sérialisés jusqu'à quatre fois; arguments davantage	suspect	Réutiliser canonical_messages/tools et hash framing exact
H05	Les doublons sont tokenisés avant rejet	Le test seen se trouve après compile_smi	Inspecter l'ordre fingerprint/compile/seen	Fingerprint calculé avant compile, mais seen consulté après	suspect	Gain proportionnel au taux de doublons; décision doit rester ordonnée
H06	Le shuffle, le hash final ou l'écriture Parquet dominent	Ces opérations devraient apparaître dans la boucle chaude par ligne	Inspecter complexité et fréquence	Shuffle O(N), write toutes les 1024 lignes, hash une fois en fin; aucun mécanisme massif identifié	ruled-out	Peu prioritaires face à 8-11 appels tokenizer par ligne
H07	Les adapters Hermes ont des chemins superlinéaires	Des entrées pathologiques peuvent monopoliser le CPU avant le garde taille	Inspecter regex DOTALL, literal_eval et pending_ids	Regex peut rescanner; literal_eval accepte 1 Mo; pop(0) est O(A²)	suspect	Important pour robustesse/pathologies, secondaire sur lignes propres
H08	Le workflow tokenize deux fois chaque ligne acceptée	Le trainer recompilera le JSON produit par prepare_pilot	Tracer sortie Parquet et dataset.map du trainer	prepare écrit JSON seulement; train_rwkv7 rappelle compile_smi pour chaque ligne	suspect	Stocker input_ids/labels permet presque 2x moins de tokenisation sur le workflow cumulé
H09	La validation tardive gaspille la tokenisation des lignes invalides	Une erreur de tool call en fin de conversation survient après les payloads précédents	Tracer validation et append_plain dans compile_smi	Validation et tokenisation sont entrelacées	suspect	Créer une première passe validate/render sans tokenisation
